{"cameraMode":{"drawMode":0,"name":"Shaded","section":"Shading Mode"},"sceneLighting":false,"audioPlay":false,"sceneViewState":{"showFog":true,"showMaterialUpdate":false,"showSkybox":false,"showFlares":true,"showImageEffects":true,"showParticleSystems":true},"in2DMode":false,"pivot":{"x":-0.48860692977905276,"y":0.0716416984796524,"z":0.4125846326351166},"rotation":{"x":0.4025108516216278,"y":-0.01897590421140194,"z":0.008170261979103089,"w":0.9152902960777283},"size":0.3401165008544922,"orthographic":true}