{"cameraMode":{"drawMode":0,"name":"Shaded","section":"Shading Mode"},"sceneLighting":false,"audioPlay":false,"sceneViewState":{"showFog":true,"showMaterialUpdate":false,"showSkybox":false,"showFlares":true,"showImageEffects":true,"showParticleSystems":true},"in2DMode":false,"pivot":{"x":101.21513366699219,"y":57.297359466552737,"z":72.40319061279297},"rotation":{"x":-0.13246262073516847,"y":-0.38529130816459658,"z":0.055991314351558688,"w":-0.9115411639213562},"size":1.2834097146987916,"orthographic":true}