{"cameraMode":{"drawMode":0,"name":"Shaded","section":"Shading Mode"},"sceneLighting":true,"audioPlay":false,"sceneViewState":{"showFog":true,"showMaterialUpdate":false,"showSkybox":true,"showFlares":true,"showImageEffects":true,"showParticleSystems":true},"in2DMode":false,"pivot":{"x":102.40188598632813,"y":58.963768005371097,"z":101.22432708740235},"rotation":{"x":0.11530575901269913,"y":-0.4824434816837311,"z":0.06413950771093369,"w":0.8661327362060547},"size":3.448343276977539,"orthographic":true}